{"name":"a24e8f1a-9615-48b7-bcb4-b4683cdd145e","id":"/providers/Microsoft.Flow/flows/a24e8f1a-9615-48b7-bcb4-b4683cdd145e","type":"Microsoft.Flow/flows","properties":{"apiId":"/providers/Microsoft.PowerApps/apis/shared_logicflows","displayName":"Done Validation","definition":{"metadata":{"workflowEntityId":null,"processAdvisorMetadata":null,"flowclientsuspensionreason":"None","flowclientsuspensiontime":null,"creator":{"id":"4e5de5bc-6d17-413f-b616-34f465b75be9","type":"User","tenantId":"ce834bfb-c22e-435e-95f0-8b91b332b32d"},"provisioningMethod":"FromDefinition","failureAlertSubscription":true,"clientLastModifiedTime":"2021-10-31T21:32:16.7368633Z"},"$schema":"https://schema.management.azure.com/providers/Microsoft.Logic/schemas/2016-06-01/workflowdefinition.json#","contentVersion":"1.0.0.0","parameters":{"$connections":{"defaultValue":{},"type":"Object"},"$authentication":{"defaultValue":{},"type":"SecureObject"}},"triggers":{"When_keywords_are_mentioned":{"type":"OpenApiConnectionWebhook","inputs":{"host":{"apiId":"/providers/Microsoft.PowerApps/apis/shared_teams","connectionName":"shared_teams","operationId":"WebhookKeywordTrigger"},"parameters":{"threadType":"channel","$search":"done","requestBody/groupId":"8c58aed2-c037-44de-85e6-580774e4fa1d","requestBody/channels":["19:adb088b6d17d4d9e842677a748859822@thread.tacv2"]},"authentication":"@parameters('$authentication')"}}},"actions":{"Post_a_choice_of_options_as_the_Flow_bot_to_a_user":{"runAfter":{},"type":"OpenApiConnectionWebhook","inputs":{"host":{"apiId":"/providers/Microsoft.PowerApps/apis/shared_teams","connectionName":"shared_teams","operationId":"SubscribeUserMessageWithOptions"},"parameters":{"UserMessageWithOptionsSubscriptionRequest/body/options":["yes","no"],"UserMessageWithOptionsSubscriptionRequest/body/recipient/to":"odl_user_454719@azurehol1154.onmicrosoft.com;","UserMessageWithOptionsSubscriptionRequest/body/messageBody":"was this done with other people?"},"authentication":"@parameters('$authentication')"}},"Condition":{"actions":{"Post_message_in_a_chat_or_channel":{"runAfter":{},"type":"OpenApiConnection","inputs":{"host":{"apiId":"/providers/Microsoft.PowerApps/apis/shared_teams","connectionName":"shared_teams","operationId":"PostMessageToConversation"},"parameters":{"poster":"Flow bot","location":"Chat with Flow bot","body/recipient":"odl_user_454719@azurehol1154.onmicrosoft.com;","body/messageBody":"<p>2 points awarded!</p>"},"authentication":"@parameters('$authentication')"}},"Add_a_row_into_a_table":{"runAfter":{"Post_message_in_a_chat_or_channel":["Succeeded"]},"metadata":{"01BB63VDYPJSGZSEAEJVCKL6KMVYYPXIBS":"/Book.xlsx","tableId":"{DC4D1E56-2128-4173-828A-631092687116}"},"type":"OpenApiConnection","inputs":{"host":{"apiId":"/providers/Microsoft.PowerApps/apis/shared_excelonlinebusiness","connectionName":"shared_excelonlinebusiness","operationId":"AddRowV2"},"parameters":{"source":"groups/ab0f6d40-8c00-4947-8b85-317f077f2028","drive":"b!ktNM_0YKmUijuEYLFjHen-aNcc735g9Kt72XvjRbzEf1gtjYLrPdRrk66RRCq7Pt","file":"01BB63VDYPJSGZSEAEJVCKL6KMVYYPXIBS","table":"{DC4D1E56-2128-4173-828A-631092687116}","item/Date":"@startOfDay(utcNow())","item/Points":"2"},"authentication":"@parameters('$authentication')"}},"Add_a_row_into_a_table_3":{"runAfter":{"Add_a_row_into_a_table":["Succeeded"]},"metadata":{"01BB63VDYPJSGZSEAEJVCKL6KMVYYPXIBS":"/Book.xlsx","tableId":"{667C382B-12AC-4E94-A438-985205CF5CCB}"},"type":"OpenApiConnection","inputs":{"host":{"apiId":"/providers/Microsoft.PowerApps/apis/shared_excelonlinebusiness","connectionName":"shared_excelonlinebusiness","operationId":"AddRowV2"},"parameters":{"source":"groups/ab0f6d40-8c00-4947-8b85-317f077f2028","drive":"b!ktNM_0YKmUijuEYLFjHen-aNcc735g9Kt72XvjRbzEf1gtjYLrPdRrk66RRCq7Pt","file":"01BB63VDYPJSGZSEAEJVCKL6KMVYYPXIBS","table":"{667C382B-12AC-4E94-A438-985205CF5CCB}","item/Date":"@startOfDay(utcNow())","item/Points":"1"},"authentication":"@parameters('$authentication')"}}},"runAfter":{"Post_a_choice_of_options_as_the_Flow_bot_to_a_user":["Succeeded"]},"else":{"actions":{"Post_message_in_a_chat_or_channel_2":{"runAfter":{},"type":"OpenApiConnection","inputs":{"host":{"apiId":"/providers/Microsoft.PowerApps/apis/shared_teams","connectionName":"shared_teams","operationId":"PostMessageToConversation"},"parameters":{"poster":"Flow bot","location":"Chat with Flow bot","body/recipient":"odl_user_454719@azurehol1154.onmicrosoft.com;","body/messageBody":"<p>1 point awarded!</p>"},"authentication":"@parameters('$authentication')"}},"Add_a_row_into_a_table_2":{"runAfter":{"Post_message_in_a_chat_or_channel_2":["Succeeded"]},"metadata":{"01BB63VDYPJSGZSEAEJVCKL6KMVYYPXIBS":"/Book.xlsx","tableId":"{DC4D1E56-2128-4173-828A-631092687116}"},"type":"OpenApiConnection","inputs":{"host":{"apiId":"/providers/Microsoft.PowerApps/apis/shared_excelonlinebusiness","connectionName":"shared_excelonlinebusiness","operationId":"AddRowV2"},"parameters":{"source":"groups/ab0f6d40-8c00-4947-8b85-317f077f2028","drive":"b!ktNM_0YKmUijuEYLFjHen-aNcc735g9Kt72XvjRbzEf1gtjYLrPdRrk66RRCq7Pt","file":"01BB63VDYPJSGZSEAEJVCKL6KMVYYPXIBS","table":"{DC4D1E56-2128-4173-828A-631092687116}","item/Date":"@startOfDay(utcNow())","item/Points":"1"},"authentication":"@parameters('$authentication')"}}}},"expression":{"equals":["@outputs('Post_a_choice_of_options_as_the_Flow_bot_to_a_user')?['body/selectedOption']","yes"]},"type":"If"},"Get_entities":{"runAfter":{"Post_a_choice_of_options_as_the_Flow_bot_to_a_user":["Succeeded"]},"type":"OpenApiConnection","inputs":{"host":{"apiId":"/providers/Microsoft.PowerApps/apis/shared_azuretables","connectionName":"shared_azuretables","operationId":"GetEntities"},"parameters":{"tableName":"trial"},"authentication":"@parameters('$authentication')"}},"Apply_to_each":{"foreach":"@outputs('Get_entities')?['body/value']","actions":{"Add_a_row_into_a_table_4":{"runAfter":{},"metadata":{"01BB63VDYPJSGZSEAEJVCKL6KMVYYPXIBS":"/Book.xlsx","tableId":"{B7F988E3-F635-4CDA-9DD5-AD7C816FBE0F}"},"type":"OpenApiConnection","inputs":{"host":{"apiId":"/providers/Microsoft.PowerApps/apis/shared_excelonlinebusiness","connectionName":"shared_excelonlinebusiness","operationId":"AddRowV2"},"parameters":{"source":"groups/ab0f6d40-8c00-4947-8b85-317f077f2028","drive":"b!ktNM_0YKmUijuEYLFjHen-aNcc735g9Kt72XvjRbzEf1gtjYLrPdRrk66RRCq7Pt","file":"01BB63VDYPJSGZSEAEJVCKL6KMVYYPXIBS","table":"{B7F988E3-F635-4CDA-9DD5-AD7C816FBE0F}","item/Date":"@items('Apply_to_each')?['PartitionKey']","item/Points":"1"},"authentication":"@parameters('$authentication')"}}},"runAfter":{"Apply_to_each_2":["Succeeded"]},"type":"Foreach"},"List_rows_present_in_a_table_2":{"runAfter":{"Get_entities":["Succeeded"]},"metadata":{"01BB63VDYPJSGZSEAEJVCKL6KMVYYPXIBS":"/Book.xlsx","tableId":"{B7F988E3-F635-4CDA-9DD5-AD7C816FBE0F}"},"type":"OpenApiConnection","inputs":{"host":{"apiId":"/providers/Microsoft.PowerApps/apis/shared_excelonlinebusiness","connectionName":"shared_excelonlinebusiness","operationId":"GetItems"},"parameters":{"source":"groups/ab0f6d40-8c00-4947-8b85-317f077f2028","drive":"b!ktNM_0YKmUijuEYLFjHen-aNcc735g9Kt72XvjRbzEf1gtjYLrPdRrk66RRCq7Pt","file":"01BB63VDYPJSGZSEAEJVCKL6KMVYYPXIBS","table":"{B7F988E3-F635-4CDA-9DD5-AD7C816FBE0F}"},"authentication":"@parameters('$authentication')"}},"Apply_to_each_2":{"foreach":"@outputs('List_rows_present_in_a_table_2')?['body/value']","actions":{"Delete_a_row":{"runAfter":{},"metadata":{"01BB63VDYPJSGZSEAEJVCKL6KMVYYPXIBS":"/Book.xlsx","tableId":"{B7F988E3-F635-4CDA-9DD5-AD7C816FBE0F}"},"type":"OpenApiConnection","inputs":{"host":{"apiId":"/providers/Microsoft.PowerApps/apis/shared_excelonlinebusiness","connectionName":"shared_excelonlinebusiness","operationId":"DeleteItem"},"parameters":{"source":"groups/ab0f6d40-8c00-4947-8b85-317f077f2028","drive":"b!ktNM_0YKmUijuEYLFjHen-aNcc735g9Kt72XvjRbzEf1gtjYLrPdRrk66RRCq7Pt","file":"01BB63VDYPJSGZSEAEJVCKL6KMVYYPXIBS","table":"{B7F988E3-F635-4CDA-9DD5-AD7C816FBE0F}","idColumn":"Date","id":"@items('Apply_to_each_2')?['Date']"},"authentication":"@parameters('$authentication')"}}},"runAfter":{"List_rows_present_in_a_table_2":["Succeeded"]},"type":"Foreach"}},"outputs":{},"description":""},"connectionReferences":{"shared_teams":{"connectionName":"shared-teams-65c408c4-e607-40b3-9661-3ba4ccc37699","source":"Embedded","id":"/providers/Microsoft.PowerApps/apis/shared_teams","tier":"NotSpecified"},"shared_excelonlinebusiness":{"connectionName":"shared-excelonlinebu-1fa8837e-d094-487a-9b90-9998-44ff1040","source":"Embedded","id":"/providers/Microsoft.PowerApps/apis/shared_excelonlinebusiness","tier":"NotSpecified"},"shared_azuretables":{"connectionName":"shared-azuretables-b821c54b-25d9-43b6-a6ff-e66e-80462298","source":"Embedded","id":"/providers/Microsoft.PowerApps/apis/shared_azuretables","tier":"NotSpecified"}},"flowFailureAlertSubscribed":false}}