{"name":"412adbe5-7e12-4d5f-a7a5-9155119a8518","id":"/providers/Microsoft.Flow/flows/412adbe5-7e12-4d5f-a7a5-9155119a8518","type":"Microsoft.Flow/flows","properties":{"apiId":"/providers/Microsoft.PowerApps/apis/shared_logicflows","displayName":"Set Break Timer","definition":{"metadata":{"workflowEntityId":null,"processAdvisorMetadata":null,"flowclientsuspensionreason":"None","flowclientsuspensiontime":null,"creator":{"id":"4e5de5bc-6d17-413f-b616-34f465b75be9","type":"User","tenantId":"ce834bfb-c22e-435e-95f0-8b91b332b32d"},"provisioningMethod":"FromDefinition","failureAlertSubscription":true,"clientLastModifiedTime":"2021-10-31T22:17:41.0216773Z"},"$schema":"https://schema.management.azure.com/providers/Microsoft.Logic/schemas/2016-06-01/workflowdefinition.json#","contentVersion":"1.0.0.0","parameters":{"$connections":{"defaultValue":{},"type":"Object"},"$authentication":{"defaultValue":{},"type":"SecureObject"}},"triggers":{"When_keywords_are_mentioned":{"type":"OpenApiConnectionWebhook","inputs":{"host":{"apiId":"/providers/Microsoft.PowerApps/apis/shared_teams","connectionName":"shared_teams","operationId":"WebhookKeywordTrigger"},"parameters":{"threadType":"channel","$search":"set","requestBody/groupId":"8c58aed2-c037-44de-85e6-580774e4fa1d","requestBody/channels":["19:8dad626f638d42278063797ba5c13453@thread.tacv2"]},"authentication":"@parameters('$authentication')"}}},"actions":{"Post_a_choice_of_options_as_the_Flow_bot_to_a_user":{"runAfter":{},"type":"OpenApiConnectionWebhook","inputs":{"host":{"apiId":"/providers/Microsoft.PowerApps/apis/shared_teams","connectionName":"shared_teams","operationId":"SubscribeUserMessageWithOptions"},"parameters":{"UserMessageWithOptionsSubscriptionRequest/body/options":["yes","no"],"UserMessageWithOptionsSubscriptionRequest/body/recipient/to":"odl_user_454719@azurehol1154.onmicrosoft.com;","UserMessageWithOptionsSubscriptionRequest/body/messageBody":"Will this be a group break?"},"authentication":"@parameters('$authentication')"}},"Condition":{"actions":{"Create_event_(V4)_2":{"runAfter":{},"type":"OpenApiConnection","inputs":{"host":{"apiId":"/providers/Microsoft.PowerApps/apis/shared_office365","connectionName":"shared_office365","operationId":"V4CalendarPostItem"},"parameters":{"table":"AAMkADUyOWQwMWJlLTFiNzEtNGZmNS1iNTVjLTk3YmFmMDNhOWRhMgBGAAAAAACvJ-bFmbrxQLd73kJaQHKbBwCTNQqrbtRTQbej1Is7mpcXAAAAAAEGAACTNQqrbtRTQbej1Is7mpcXAAAPWFlvAAA=","item/subject":"Break","item/start":"@addHours(startOfDay(utcNow()),15)","item/end":"@addHours(startOfDay(utcNow()),16)","item/timeZone":"(UTC-08:00) Pacific Time (US & Canada)"},"authentication":"@parameters('$authentication')"}}},"runAfter":{"Post_a_choice_of_options_as_the_Flow_bot_to_a_user":["Succeeded"]},"else":{"actions":{"Post_a_choice_of_options_as_the_Flow_bot_to_a_user_2":{"runAfter":{},"type":"OpenApiConnectionWebhook","inputs":{"host":{"apiId":"/providers/Microsoft.PowerApps/apis/shared_teams","connectionName":"shared_teams","operationId":"SubscribeUserMessageWithOptions"},"parameters":{"UserMessageWithOptionsSubscriptionRequest/body/options":["30","60","90","120"],"UserMessageWithOptionsSubscriptionRequest/body/recipient/to":"odl_user_454719@azurehol1154.onmicrosoft.com;","UserMessageWithOptionsSubscriptionRequest/body/messageBody":"How far out do you want this break?"},"authentication":"@parameters('$authentication')"}},"Create_event_(V4)_3":{"runAfter":{"Post_a_choice_of_options_as_the_Flow_bot_to_a_user_2":["Succeeded"]},"type":"OpenApiConnection","inputs":{"host":{"apiId":"/providers/Microsoft.PowerApps/apis/shared_office365","connectionName":"shared_office365","operationId":"V4CalendarPostItem"},"parameters":{"table":"AAMkADUyOWQwMWJlLTFiNzEtNGZmNS1iNTVjLTk3YmFmMDNhOWRhMgBGAAAAAACvJ-bFmbrxQLd73kJaQHKbBwCTNQqrbtRTQbej1Is7mpcXAAAAAAEGAACTNQqrbtRTQbej1Is7mpcXAAAPWFlvAAA=","item/subject":"Break","item/start":"@addMinutes(utcNow(),int(outputs('Post_a_choice_of_options_as_the_Flow_bot_to_a_user_2')?['body/selectedOption']))","item/end":"@addMinutes(addMinutes(utcNow(),int(outputs('Post_a_choice_of_options_as_the_Flow_bot_to_a_user_2')?['body/selectedOption'])),30)","item/timeZone":"(UTC-08:00) Pacific Time (US & Canada)"},"authentication":"@parameters('$authentication')"}}}},"expression":{"equals":["@outputs('Post_a_choice_of_options_as_the_Flow_bot_to_a_user')?['body/selectedOption']","yes"]},"type":"If"}},"outputs":{},"description":""},"connectionReferences":{"shared_teams":{"connectionName":"shared-teams-65c408c4-e607-40b3-9661-3ba4ccc37699","source":"Embedded","id":"/providers/Microsoft.PowerApps/apis/shared_teams","tier":"NotSpecified"},"shared_office365":{"connectionName":"shared-office365-76e64044-4425-4097-8248-6bb2-5d8f378b","source":"Embedded","id":"/providers/Microsoft.PowerApps/apis/shared_office365","tier":"NotSpecified"}},"flowFailureAlertSubscribed":false}}